1679656720.598749, Hello, World
1679657296.910286, 1
1679657297.905862, 2
1679657298.906677, 3
1679657299.905274, 4
1679657300.906247, 5
1679657301.906121, 6
1679657302.905800, 7
1679657303.905446, 8
1679657304.906617, 9
1679657305.906605, 10
1679657306.906452, 11
1679657307.907426, 12
1679657308.906381, 13
1679657309.907409, 14
1679657310.905996, 15
1679657311.906310, 16
1679657312.906711, 17
1679657313.906043, 18
1679657314.906115, 19
1679657315.906622, 20
1679657316.906354, 21
1679657317.905893, 22
1679657318.906474, 23
1679657319.906438, 24
1679657320.905960, 25
1679657321.906034, 26
1679657322.905221, 27
1679657323.906398, 28
1679657324.906436, 29
1679657325.907004, 30
1679657326.907871, 31
1679657327.916252, 32
1679657328.906246, 33
1679657329.906068, 34
1679657330.906419, 35
1679657331.906163, 36
1679657332.906198, 37
1679657333.906481, 38
1679657334.905880, 39
1679657335.905826, 40
1679657336.906242, 41
